Artist,Song Name,Song Rating,Song Hits,Page Type,Difficulty,Key,Capo,Tuning
Ed Sheeran,Perfect,"31,694",25794778,Chords,novice, Ab, 1st fret, E A D G B E
John Legend,All Of Me,"20,169",25653362,Chords,novice, Fm, 1st fret, E A D G B E
Passenger,Let Her Go,"17,267",24556593,Chords,novice, Em, 7th fret, E A D G B E
Led Zeppelin,Stairway To Heaven,"11,839",20762763,Tab,intermediate, Am,No Capo, E A D G B E
Jason Mraz,Im Yours ,"12,247",20326678,Chords,novice, B, 4th fret, E A D G B E
Elvis Presley,Cant Help Falling In Love,"19,747",19857493,Chords,intermediate, C, 2nd fret, E A D G B E
Ed Sheeran,Thinking Out Loud,"12,130",17939245,Chords,novice, D, 2nd fret, E A D G B E
Plain White T's,Airplane,695,16867243,Tab,intermediate, Gm,No Capo, E A D G B E
Coldplay,The Scientist ,"10,523",15183884,Chords,novice, Bm, 3rd fret, E A D G B E
Adele,Someone Like You ,"3,166",14972548,Chords,intermediate, A,No Capo, E A D G B E
Bruno Mars,When I Was Your Man,"14,428",14687286,Chords,novice, C,No Capo, E A D G B E
Metallica,Nothing Else Matters,"2,999",14583222,Tab,intermediate, Em,No Capo, E A D G B E
Justin Bieber,Love Yourself,"11,055",14329200,Chords,novice, E, 4th fret,E A D G B E
Vance Joy,Riptide ,"17,693",14057389,Chords,novice, Bbm, 1st fret, E A D G B E
Ed Sheeran,Photograph,"14,028",13952081,Chords,novice, E, 2nd fret, E A D G B E
Radiohead,Creep,"16,789",13684244,Chords,novice, G,No Capo, E A D G B E
Pink Floyd,Wish You Were Here,"14,884",13569404,Chords,novice, Em,No Capo, E A D G B E
Oasis,Wonderwall ,"7,767",13017729,Chords,intermediate, F#m, 2nd fret, E A D G B E
Oasis,Dont Look Back In Anger,"11,981",12942507,Chords,novice, C,No Capo, E A D G B E
Train,Hey Soul Sister ,"6,896",11729033,Chords,novice, C, 4th fret, E A D G B E
Eagles,Hotel California ,"2,047",11310041,Tab,intermediate, Bm,No Capo, E A D G B E
Goo Goo Dolls,Iris ,"4,240",11150677,Chords,novice, Bm,No Capo, E A D G B E
Ed Sheeran,I See Fire ,"9,646",11115061,Chords,novice, Bbm, 6th fret, E A D G B E
Taylor Swift,Love Story,"5,966",11073935,Chords,novice, C, 2nd fret, E A D G B E
Guns N' Roses,Sweet Child O Mine ,"2,773",10623670,Tab,intermediate, D,No Capo, Eb Ab Db Gb Bb Eb
Oasis,Wonderwall,"1,592",10608799,Chords,intermediate, F#m,No Capo, E A D G B E
Paramore,The Only Exception,"7,229",10596785,Chords,novice, B, 4th fret, E A D G B E
The Beatles,Let It Be,"6,517",10284189,Chords,novice, C,No Capo, E A D G B E
Coldplay,Viva La Vida,"9,339",10108319,Chords,intermediate, Ab, 1st fret, E A D G B E
Plain White T's,Hey There Delilah ,"7,815",10103645,Chords,novice, D,No Capo, E A D G B E
Imagine Dragons,Radioactive,"16,411",9646730,Chords,novice, Bm, 2nd fret, E A D G B E
Extreme,More Than Words,"4,270",9582233,Chords,intermediate, G,No Capo, Eb Ab Db Gb Bb Eb
Plain White T's,Hey There Delilah ,"3,815",9466024,Tab,intermediate, D,No Capo, E A D G B E
The Beatles,Hey Jude,"2,493",9385429,Chords,intermediate, F,No Capo, E A D G B E
Adele,Rolling In The Deep,"1,243",9207520,Chords,intermediate,Db,No Capo, E A D G B 
Eric Clapton,Tears In Heaven,"4,188",9054292,Tab,advanced, A,No Capo, E A D G B E
Jason Mraz,Im Yours,"2,343",8982960,Chords,novice, B,No Capo, E A D G B E
Green Day,Boulevard Of Broken Dreams ,"7,237",8864879,Chords,novice, Em, 1st fret, E A D G B E
Sam Smith,Stay With Me,"5,093",8850891,Chords,novice, Am,No Capo, E A D G B E
Kodaline,All I Want,"7,459",8848206,Chords,novice, C,No Capo, E A D G B E
Bruno Mars,Just The Way You Are,"3,857",8778319,Chords,novice, F, 3rd fret, E A D G B E
Ed Sheeran,The A Team Acoustic,"4,515",8693966,Chords,intermediate, A, 2nd fret, E A D G B E
Red Hot Chili Peppers,Under The Bridge,"2,241",8661431,Tab,intermediate, E,No Capo, E A D G B E
OneRepublic,Counting Stars,"5,914",8542468,Chords,intermediate, Am, 4th fret, E A D G B E
Johnny Cash,Hurt,"10,727",8490664,Chords,novice, Am,No Capo, E A D G B E
John Lennon,Imagine,"7,917",8370296,Chords,intermediate, C,No Capo, E A D G B E
Christina Perri,Jar Of Hearts,"3,879",8306419,Chords,novice, Cm, 1st fret, E A D G B E
Green Day,Good Riddance Time Of Your Life,"10,551",8142348,Chords,novice, G,No Capo, E A D G B E
The Animals,House Of The Rising Sun,"7,500",8008449,Chords,novice, Am,No Capo, E A D G B E
Taylor Swift,You Belong With Me ,"5,300",7875537,Chords,novice, F#, 4th fret, E A D G B E
Eagles,Hotel California,"15,298",7828362,Chords,novice, Bm, 2nd fret, E A D G B E
Pink Floyd,Wish You Were Here ,"2,473",7824756,Tab,novice, C,No Capo, E A D G B E
Coldplay,Fix You ,"6,749",7759633,Chords,novice, Eb, 3rd fret, E A D G B E
Metallica,One ,"2,798",7574596,Tab,intermediate, Bm,No Capo,E A D G B E
Green Day,Wake Me Up When September Ends ,"3,015",7552887,Tab,intermediate, G,No Capo, E A D G B E
Adele,Someone Like You,"9,885",7448482,Chords,novice, G, 2nd fret, E A D G B E
Bruno Mars,Grenade,"2,342",7405219,Chords,intermediate, Dm,No Capo, E A D G B E
Metallica,Fade To Black ,"2,209",7390749,Tab,intermediate, Am,No Capo, E A D G B E
Snow Patrol,Chasing Cars,"4,986",7324066,Chords,novice, A,No Capo, E A D G B E
The Fray,How To Save A Life,"3,262",7320778,Chords,intermediate, G, 3rd fret, E A D G B E
The Script,Breakeven,"2,958",7234731,Chords,novice, Em, 3rd fret, E A D G B E
Misc Cartoons,Frozen - Let It Go,"3,962",7063525,Chords,intermediate, G, 1st fret, E A D G B E
Rihanna,Stay,"4,835",7050875,Chords,novice, C,No Capo, E A D G B E
Misc Soundtrack,A Star Is Born - Shallow,"16,186",7012149,Chords,novice, E,No Capo, E A D G B E
The Beatles,Yesterday,"4,574",6966328,Chords,intermediate, F,No Capo, E A D G B E
A Great Big World,Say Something ,"6,072",6949917,Chords,novice, Bm,No Capo, E A D G B E
Creedence Clearwater Revival,Have You Ever Seen The Rain,"11,310",6942944,Chords,novice, C,No Capo, E A D G B E
Adele,When We Were Young,"6,786",6909347,Chords,novice, Cm, 3rd fret, E A D G B E
James Blunt,Youre Beautiful ,"2,970",6777892,Chords,novice, G, 8th fret, E A D G B E
James Arthur,Say You Wont Let Go ,"9,227",6703879,Chords,intermediate, G, 3rd fret, E A D G B E
Metallica,Enter Sandman ,"1,985",6681989,Tab,intermediate, Em,No Capo, E A D G B E
Metallica,Master Of Puppets ,"2,798",6668902,Tab,intermediate, Em,No Capo, E A D G B E
Lynyrd Skynyrd,Sweet Home Alabama Intro,"1,215",6642033,Tab,intermediate, D,No Capo, E A D G B E
Sam Smith,Im Not The Only One,"4,606",6634231,Chords,intermediate, F,No Capo, E A D G B E
The Lumineers,Ho Hey ,"5,429",6629377,Chords,novice, C,No Capo, E A D G B E
Death Cab for Cutie,I Will Follow You Into The Dark ,"8,217",6418598,Chords,novice, Am, 5th fret, E A D G B E
P!nk,Just Give Me A Reason,"2,450",6411118,Chords,novice, G,No Capo, E A D G B E
Don McLean,American Pie,"8,926",6409193,Chords,novice, G,No Capo, E A D G B E
Foster the People,Pumped Up Kicks,"3,452",6375105,Chords,intermediate, Fm,No Capo, E A D G B E
The Script,The Man Who Cant Be Moved,"2,179",6374771,Chords,intermediate, G, 3rd fret, E A D G B E
Lewis Capaldi,Someone You Loved,"13,055",6344820,Chords,novice, C#, 1st fret, E A D G B E
Bon Iver,Skinny Love ,"2,966",6338020,Chords,novice, Am,No Capo, E A D G B E
Oasis,Wonderwall ,"3,585",6294940,Chords,novice, F#m, 2nd fret, E A D G B E
The Cranberries,Zombie,"8,898",6201729,Chords,novice, Em,No Capo, E A D G B E
John Denver,Take Me Home Country Roads ,"10,127",6141961,Chords,novice, A, 2nd fret, E A D G B E
Nirvana,Smells Like Teen Spirit,"2,559",6089169,Tab,intermediate, F,No Capo, E A D G B E
Misc Soundtrack,A Star Is Born - Shallow ,"9,835",6066147,Chords,novice, G,No Capo, E A D G B E
Mumford & Sons,Little Lion Man,"3,468",5943697,Chords,novice,Db, 5th fret, E A D G B E
Kings of Leon,Use Somebody ,"2,163",5851237,Chords,intermediate, C,No Capo, E A D G B E
David Guetta,Titanium ,"4,884",5841356,Chords,novice, F, 3rd fret, E A D G B E
Armada,Harusnya Aku,208,5791697,Chords,intermediate, C,No Capo, E A D G B E
Gotye,Somebody That I Used To Know ,"2,518",5785810,Chords,novice, Dm, 5th fret, E A D G B E
The White Stripes,Seven Nation Army ,916,5751042,Tab,intermediate, E,No Capo,E A D G B E
Adele,Make You Feel My Love,"7,226",5652621,Chords,intermediate, G, 3rd fret, E A D G B E
Green Day,21 Guns,"2,063",5648870,Chords,novice, Dm,No Capo, E A D G B E
Kansas,Dust In The Wind,"1,876",5572153,Tab,intermediate, C,No Capo, E A D G B E
Ed Sheeran,Shape Of You ,"1,364",5542016,Chords,novice, C#m, 2nd fret, E A D G B E
Frank Sinatra,Fly Me To The Moon ,"6,087",5525592,Chords,novice, Am,No Capo, E A D G B E
Of Monsters and Men,Little Talks,"5,192",5523828,Chords,novice, Bbm, 1st fret, E A D G B E
Train,Drops Of Jupiter,"4,624",5471280,Chords,intermediate, C,No Capo, E A D G B E
Shawn Mendes,Stitches,"2,165",5463586,Chords,intermediate, Am, 1st fret, E A D G B E
Calum Scott,You Are The Reason ,"4,888",5382483,Chords,novice, Bb, 3rd fret, E A D G B E
Bob Dylan,Knockin On Heavens Door ,"7,763",5336523,Chords,novice, G,No Capo, E A D G B E
Jason Mraz,Lucky,"2,351",5334126,Chords,intermediate,Db,No Capo, E A D G B 
Radiohead,Karma Police ,"5,822",5328849,Chords,novice, Am,No Capo, E A D G B E
Fiersa Besari,Waktu Yang Salah,330,5314122,Chords,intermediate, C,No Capo, E A D G B E
Bob Marley,Redemption Song ,"4,783",5290834,Chords,novice, G,No Capo, E A D G B E
Secondhand Serenade,Fall For You ,"2,469",5283675,Chords,novice, Am,No Capo, E A D G B E
Cat Stevens,Father And Son,"8,952",5276414,Chords,novice, G,No Capo, E A D G B E
The Neighbourhood,Sweater Weather Acoustic,"6,037",5255441,Chords,novice, C, 3rd fret, E A D G B E
Beyoncé,Halo ,"2,926",5252368,Chords,intermediate, G, 2nd fret, E A D G B E
David Guetta,Titanium,"1,358",5202465,Chords,intermediate, Eb, 3rd fret, E A D G B E
Pink Floyd,Wish You Were Here ,"4,551",5192794,Tab,novice, C,No Capo, E A D G B E
Ed Sheeran,The A Team ,"2,842",5159267,Chords,intermediate, A, 2nd fret, E A D G B E
Imagine Dragons,Demons,"2,489",5116594,Chords,intermediate, D, 1st fret, E A D G B E
Dolly Parton,Jolene ,"12,281",5091242,Chords,novice, C#m, 4th fret, E A D G B E
4 Non Blondes,Whats Up ,"8,593",5085031,Chords,novice, A, 2nd fret, E A D G B E
Guns N' Roses,Sweet Child O Mine,"2,343",5078008,Chords,intermediate, D,No Capo, Eb Ab Db Gb Bb Eb
Extreme,More Than Words ,924,5002261,Tab,intermediate, F#,No Capo, Eb Ab Db Gb Bb Eb
Ben E. King,Stand By Me,"2,838",5000402,Chords,intermediate, A,No Capo, E A D G B E
Deep Purple,Smoke On The Water,843,4984725,Tab,intermediate, Gm,No Capo, E A D G B E
Black Sabbath,Iron Man ,"1,978",4919010,Tab,intermediate,Db,No Capo, E A D G B 
Red Hot Chili Peppers,Snow Hey Oh,"1,037",4886776,Tab,intermediate, Ebm,No Capo, E A D G B E
James Bay,Let It Go ,"4,422",4878097,Chords,novice, G, 6th fret, E A D G B E
MAGIC!,Rude ,"2,205",4875223,Chords,novice,Db, 6th fret, E A D G B E
Birdy,Skinny Love ,"4,001",4874060,Chords,novice, C#m, 4th fret, E A D G B E
Old Crow Medicine Show,Wagon Wheel,"6,435",4848567,Chords,novice,Db, 2nd fret, E A D G B E
Hillsong United,Oceans Where Feet May Fail,"3,924",4816826,Chords,intermediate, Bm,No Capo, E A D G B E
Avicii,Wake Me Up ,"1,413",4809121,Chords,novice, Bm,No Capo, E A D G B E
Ozzy Osbourne,Crazy Train ,"1,493",4742223,Tab,intermediate, A,No Capo, E A D G B E
Bryan Adams,Heaven,"2,628",4694640,Chords,intermediate, C,No Capo, E A D G B E
Jason Mraz,Im Yours,211,4690834,Tab,advanced, Bm,No Capo, E A D G B E
Matt Redman,10000 Reasons Bless The Lord,"4,895",4668875,Chords,novice, G,No Capo, E A D G B E
A Great Big World,Say Something ,"3,999",4649764,Chords,novice, Am, 2nd fret, E A D G B E
Elton John,Your Song,"4,938",4642132,Chords,intermediate, Eb, 1st fret, E A D G B E
Gary Jules,Mad World,"7,669",4613448,Chords,novice, Em, 1st fret, E A D G B E
Anji,Menunggu Kamu,477,4589646,Chords,novice, C,No Capo, E A D G B E
Avenged Sevenfold,So Far Away,"2,114",4488910,Chords,novice, Em,No Capo, E A D G B E
Queen,Love Of My Life,"5,347",4470829,Chords,intermediate, F, 3rd fret, E A D G B E
R.E.M.,Losing My Religion,"3,872",4435044,Chords,intermediate, Am,No Capo, E A D G B E
JerryC,Canon Rock,805,4418722,Tab,intermediate,Db,No Capo,E A D G B E
Sixpence None the Richer,Kiss Me ,"1,512",4413257,Chords,intermediate, D, 1st fret, E A D G B E
Ed Sheeran,Thinking Out Loud ,"3,541",4396608,Chords,novice, C, 2nd fret,E A D G B E
Taylor Swift,Teardrops On My Guitar,"2,685",4388913,Chords,novice, Bb, 3rd fret, E A D G B E
Oasis,Wonderwall ,"1,057",4385035,Chords,intermediate, Em, 2nd fret, E A D G B E
Lukas Graham,7 Years ,"4,206",4378504,Chords,novice, Gm, 3rd fret, E A D G B E
Bruno Mars,It Will Rain,"1,897",4334264,Chords,novice, C, 2nd fret, E A D G B E
Train,Hey Soul Sister,623,4331540,Chords,intermediate,Db,No Capo,E A D G B E
Queen,Bohemian Rhapsody ,"2,713",4332170,Chords,intermediate, G, 3rd fret, E A D G B E
The Beatles,Blackbird ,"3,695",4307051,Tab,intermediate, G,No Capo, E A D G B E
The Beatles,Let It Be ,"1,499",4289355,Chords,intermediate, C,No Capo, E A D G B E
Taylor Swift,Safe And Sound,"1,666",4267528,Chords,novice, Em, 5th fret, E A D G B E
Bright Eyes,First Day Of My Life,"4,936",4256284,Chords,novice, C, 4th fret, E A D G B E
The Beatles,Blackbird ,"2,334",4252301,Tab,intermediate, G,No Capo, E A D G B E
Tracy Chapman,Fast Car ,"3,133",4244311,Chords,intermediate, D, 2nd fret, E A D G B E
Coldplay,Yellow ,"7,914",4221597,Chords,novice, G, 4th fret, E A D G B E
Metallica,Nothing Else Matters ,"1,864",4194130,Tab,advanced,Db,No Capo, E A D G B 
Simon & Garfunkel,The Sound Of Silence ,"9,500",4185983,Chords,novice, Ebm, 6th fret, E A D G B E
Sia,Chandelier ,"3,293",4180299,Chords,novice, F, 1st fret, E A D G B E
Taylor Swift,I Knew You Were Trouble,"1,512",4178763,Chords,novice,Db, 4th fret, E A D G B E
Queen,Bohemian Rhapsody,"1,677",4165302,Chords,advanced, Bb,No Capo, E A D G B E
One Direction,Little Things ,"2,265",4110615,Chords,novice, G,No Capo, E A D G B E
Red Hot Chili Peppers,Californication,"3,487",4078628,Chords,intermediate, Am,No Capo, E A D G B E
Bruno Mars,The Lazy Song,368,4076879,Chords,intermediate,Db,No Capo, E A D G B 
Jason Mraz,Im Yours ,"1,010",4072749,Chords,intermediate, B,No Capo, E A D G B E
Sam Smith,Too Good At Goodbyes,"3,632",4015360,Chords,novice, Dm, 5th fret, E A D G B E
Justin Bieber,Baby,576,4003706,Chords,intermediate,Db, 2nd fret, E A D G B E
Taylor Swift,Blank Space,"1,835",3986839,Chords,intermediate, F, 3rd fret,E A D G B E
Journey,Dont Stop Believin,"3,179",3984418,Chords,novice, E,No Capo, E A D G B E
Aerosmith,I Dont Want To Miss A Thing,"1,012",3962737,Chords,novice, D,No Capo, E A D G B E
Lady A (Lady Antebellum),Need You Now,"1,692",3957661,Chords,novice, F, 4th fret, E A D G B E
Red Hot Chili Peppers,Californication,367,3943207,Tab,intermediate, Am,No Capo, E A D G B E
Ed Sheeran,Give Me Love ,"2,315",3935868,Chords,novice, Am, 2nd fret, E A D G B E
Bastille,Pompeii ,"4,449",3923438,Chords,novice, F#m, 2nd fret, E A D G B E
Linkin Park,Numb,"2,918",3911757,Chords,intermediate, F#m, 2nd fret, E A D G B E
The Beatles,Hey Jude ,"5,026",3899368,Chords,intermediate, D, 3rd fret, E A D G B E
Bruno Mars,The Lazy Song ,"1,316",3877516,Chords,intermediate, B, 4th fret, E A D G B E
Maroon 5,Payphone ,340,3861885,Chords,intermediate,Db, 4th fret, E A D G B E
Death Cab for Cutie,I Will Follow You Into The Dark,"1,028",3852542,Chords,intermediate,Db,No Capo, E A D G B 
The Beatles,Here Comes The Sun ,"3,041",3815279,Tab,intermediate, D, 7th fret, E A D G B E
Lifehouse,You And Me,648,3786347,Chords,intermediate,Db,No Capo, E A D G B 
Johnny Cash,Ring Of Fire,"4,536",3774968,Chords,intermediate, G,No Capo, E A D G B E
Adam Levine,Lost Stars,725,3774480,Chords,intermediate, F,No Capo, E A D G B E
Hozier,Take Me To Church Acoustic,"4,329",3737756,Chords,novice, Em,No Capo, E A D G B E
Bill Withers,Aint No Sunshine,"8,640",3727607,Chords,intermediate, Am,No Capo, E A D G B E
Metallica,One,467,3704340,Tab,intermediate, Bm,No Capo,E A D G B E
Green Day,Good Riddance Time Of Your Life ,"2,073",3699775,Tab,intermediate, Em,No Capo, E A D G B E
Jimi Hendrix,Purple Haze,"1,051",3689739,Tab,intermediate, Ebm,No Capo, E A D G B E
Pixies,Where Is My Mind,"2,485",3690317,Chords,intermediate, E,No Capo, E A D G B E
John Denver,Take Me Home Country Roads,"10,284",3681662,Chords,intermediate, A, 2nd fret, E A D G B E
Camila Cabello,Havana,"1,580",3656706,Chords,novice, Em, 3rd fret, E A D G B E
Mumford & Sons,I Will Wait ,"2,859",3614181,Chords,novice, Db, 1st fret, E A D G B E
Israel Kamakawiwo'ole,Over The Rainbow What A Wonderful World ,"1,192",3596698,Chords,intermediate,Db, 5th fret, E A D G B E
Carly Rae Jepsen,Call Me Maybe,505,3594314,Chords,intermediate, G,No Capo, E A D G B E
Taylor Swift,Back To December ,"1,512",3588272,Chords,novice, D,No Capo, E A D G B E
David Bowie,Space Oddity,"10,957",3584734,Chords,intermediate, C,No Capo, E A D G B E
Nirvana,Smells Like Teen Spirit,"1,477",3568122,Chords,intermediate, E, 1st fret, E A D G B E
Eric Clapton,Tears In Heaven,"2,794",3552126,Chords,intermediate, A,No Capo, E A D G B E
Nirvana,Come As You Are,625,3549516,Tab,intermediate, E,No Capo, D G C F A D
Meghan Trainor,Like Im Gonna Lose You ,"2,473",3525582,Chords,novice, C,No Capo, E A D G B E
AC/DC,Back In Black ,247,3508269,Tab,intermediate,Db,No Capo,E A D G B E
U2,With Or Without You,"1,988",3495529,Chords,intermediate, D,No Capo, E A D G B E
Taylor Swift,Everything Has Changed,"2,009",3488784,Chords,novice, D, 4th fret, E A D G B E
Charlie Puth,One Call Away,"3,195",3487862,Chords,intermediate, Db, 1st fret, E A D G B E
Jason Mraz,Im Yours Acoustic,337,3460890,Chords,intermediate,Db, 2nd fret, E A D G B E
Ed Sheeran,Lego House,"1,008",3454994,Chords,novice, B, 4th fret, E A D G B E
Metallica,Nothing Else Matters,"1,272",3452539,Chords,intermediate, Em,No Capo, E A D G B E
Red Hot Chili Peppers,Cant Stop,"1,212",3425172,Tab,intermediate, Em,No Capo, E A D G B E
America,A Horse With No Name,"3,336",3421027,Chords,intermediate, Em,No Capo, E A D G B E
Ed Sheeran,Photograph ,"2,933",3404035,Chords,novice, C, 4th fret, E A D G B E
Ed Sheeran,Happier,"5,444",3402456,Chords,novice, Am,No Capo, E A D G B E
Calum Scott,Dancing On My Own ,"4,519",3370573,Chords,novice, C, 1st fret, E A D G B E
Bruno Mars,Count On Me ,"3,769",3367695,Chords,intermediate, C,No Capo, E A D G B E
Joseph Vincent,Cant Take My Eyes Off You,"1,836",3365163,Chords,intermediate, Db, 1st fret, E A D G B E
Ed Sheeran,Castle On The Hill,"2,034",3364785,Chords,novice, D,No Capo, E A D G B E
Red Hot Chili Peppers,Californication ,"1,680",3356982,Tab,intermediate,Db,No Capo, E A D G B 
The Animals,House Of The Rising Sun Intro ,"1,292",3353796,Tab,intermediate, Am,No Capo, E A D G B E
Guns N' Roses,Sweet Child O Mine,536,3353211,Tab,intermediate, D,No Capo, Eb Ab Db Gb Bb Eb
Adele,Make You Feel My Love ,"4,082",3342575,Chords,intermediate, G, 3rd fret, E A D G B E
Chris Isaak,Wicked Game,"5,447",3343332,Chords,intermediate, Bm,No Capo, E A D G B E
Eagles,Take It Easy ,"5,794",3340740,Chords,novice, G,No Capo, E A D G B E
Misc Computer Games,Super Mario Brothers Theme ,"2,095",3336400,Tab,intermediate, Em,No Capo, E A D G B E
Christina Perri,A Thousand Years ,"2,744",3332492,Chords,novice,Db, 3rd fret, E A D G B E
Bob Marley,Three Little Birds,"3,402",3324944,Chords,intermediate, A,No Capo, E A D G B E
Metallica,The Unforgiven ,597,3309677,Tab,intermediate,Db,No Capo, E A D G B 
Passenger,Let Her Go ,"1,269",3302811,Chords,novice, G,No Capo, E A D G B E
AC/DC,Thunderstruck,918,3289419,Tab,intermediate, B,No Capo, E A D G B E
Poison,Every Rose Has Its Thorn,"3,095",3283053,Chords,intermediate, G,No Capo, Eb Ab Db Gb Bb Eb
Christina Perri,A Thousand Years,"1,874",3266520,Chords,novice, Bb, 3rd fret, E A D G B E
Radiohead,Creep,483,3257439,Tab,intermediate, G,No Capo,E A D G B E
Green Day,Wake Me Up When September Ends ,743,3242127,Chords,intermediate, G,No Capo, E A D G B E
Miley Cyrus,The Climb,466,3223025,Chords,intermediate,Db,No Capo, E A D G B 
The Beatles,Across The Universe,"3,062",3206672,Chords,novice, D,No Capo, E A D G B E
Labrinth,Jealous ,"1,410",3194729,Chords,intermediate, C, 1st fret, E A D G B E
Taylor Swift,We Are Never Ever Getting Back Together,796,3193983,Chords,novice, G,No Capo, E A D G B E
Natalie Imbruglia,Torn,946,3183932,Chords,intermediate, F,No Capo, E A D G B E
Virgoun,Surat Cinta Untuk Starla,377,3168175,Chords,intermediate, G,No Capo, E A D G B E
AC/DC,Back In Black ,"1,201",3154677,Tab,intermediate, E,No Capo, E A D G B E
Luis Fonsi,Despacito,"1,332",3137526,Chords,novice, Bm,No Capo, E A D G B E
Nirvana,Where Did You Sleep Last Night Acoustic ,"1,992",3128942,Chords,intermediate, E,No Capo, Eb Ab Db Gb Bb Eb
Chris Tomlin,How Great Is Our God,"1,226",3106842,Chords,intermediate, A, 2nd fret, E A D G B E
Bruno Mars,Count On Me,"1,841",3103245,Chords,novice, C,No Capo, E A D G B E
Avicii,Wake Me Up,"2,343",3103115,Chords,novice, Bm,No Capo, E A D G B E
Dire Straits,Sultans Of Swing ,925,3090938,Tab,intermediate,Db,No Capo, E A D G B 
John Denver,Take Me Home Country Roads ,"1,840",3070493,Chords,intermediate, A,No Capo, E A D G B E
Red Hot Chili Peppers,Scar Tissue ,709,3049091,Tab,intermediate,Db,No Capo, E A D G B 
The Killers,Mr Brightside,"4,202",3049394,Chords,intermediate, C#, 1st fret, E A D G B E
Creedence Clearwater Revival,Bad Moon Rising,"6,508",3041958,Chords,novice, D,No Capo, E A D G B E
Adam Sandler,Grow Old With You,"1,598",3039121,Chords,intermediate, A,No Capo,E A D G B E
Andmesh Kamaleng,Hanya Rindu,250,3029181,Chords,novice, G,No Capo, E A D G B E
Chuck Berry,Johnny B Goode ,800,3013481,Chords,intermediate, Bb,No Capo,E A D G B E
The Beatles,Yesterday ,623,3006889,Tab,intermediate, C,No Capo,E A D G B E
Misc Christmas,Jingle Bells,"1,820",3006177,Chords,novice, G,No Capo, E A D G B E
Coldplay,Fix You ,"1,444",3003446,Chords,intermediate,Db, 3rd fret, E A D G B E
Nirvana,Heart Shaped Box,955,3003626,Tab,intermediate, Ab,No Capo, Db Ab Db Gb Bb Eb
One Direction,What Makes You Beautiful,269,2999042,Chords,novice, E,No Capo, E A D G B E
Metallica,Seek And Destroy ,994,2995842,Tab,intermediate,Db,No Capo, E A D G B 
Counting Crows,Mr Jones,"3,196",2995123,Chords,intermediate, Am,No Capo, E A D G B E
Anda,Menghitung Hari 2 Acoustic,155,2982267,Chords,intermediate, Dm,No Capo, E A D G B E
Vance Joy,Riptide,"7,938",2980128,Ukulele,novice, Bbm, 1st fret, G C E A
Judy Garland,Have Yourself A Merry Little Christmas,"3,181",2977817,Chords,intermediate, G,No Capo, E A D G B E
Owl City,Fireflies,"1,645",2976329,Chords,intermediate,Db,No Capo,E A D G B E
The Calling,Wherever You Will Go,845,2969859,Chords,intermediate, D, 2nd fret, E A D G B E
Misc Soundtrack,A Star Is Born - Always Remember Us This Way,"6,629",2968317,Chords,novice, C,No Capo, E A D G B E
Adele,Rolling In The Deep ,"2,262",2966850,Chords,novice, Cm, 3rd fret, E A D G B E
Ellie Goulding,Your Song ,"1,961",2961938,Chords,novice, Em, 3rd fret, E A D G B E
Parokya ni Edgar,Harana,303,2954789,Chords,intermediate, G,No Capo, E A D G B E
Coldplay,Fix You ,"2,837",2952729,Chords,intermediate, C, 3rd fret, E A D G B E
Michael Jackson,Beat It,705,2949345,Tab,intermediate, Em,No Capo, Eb Ab Db Gb Bb Eb
Sam Smith,Stay With Me ,955,2938500,Chords,novice, C,No Capo, E A D G B E
Bryan Adams,Summer Of 69,"2,821",2915196,Chords,novice, D,No Capo, E A D G B E
Eagle-Eye Cherry,Save Tonight,"1,288",2914070,Chords,intermediate, Am,No Capo, E A D G B E
One Direction,Night Changes,"2,450",2906808,Chords,novice, Ab, 1st fret, E A D G B E
Lana Del Rey,Summertime Sadness,"2,155",2903394,Chords,intermediate, F, 4th fret, E A D G B E
Toto,Africa,"1,650",2900614,Chords,intermediate, B,No Capo, E A D G B E
Alan Walker,Faded,"2,147",2884267,Chords,intermediate, Am, 6th fret, E A D G B E
Wham!,Last Christmas,"1,456",2874885,Chords,novice, D,No Capo, E A D G B E
Darius Rucker,Wagon Wheel,"6,627",2869429,Chords,novice, G, 2nd fret, E A D G B E
OneRepublic,Apologize,"2,635",2846214,Chords,novice, Cm, 3rd fret, E A D G B E
The Rolling Stones,Paint It Black,483,2844045,Tab,intermediate,Db, 3rd fret, E A D G B E
Adele,All I Ask,"1,274",2838294,Chords,intermediate, C, 4th fret, E A D G B E
Justin Bieber,Sorry,"1,027",2815778,Chords,novice, F, 3rd fret,E A D G B E
Kodaline,High Hopes ,"2,233",2815932,Chords,intermediate, C, 4th fret, E A D G B E
Misc Praise Songs,Amazing Grace,"1,438",2815631,Chords,intermediate, D,No Capo, E A D G B E
Glen Hansard,Falling Slowly,"2,151",2809873,Chords,novice, C,No Capo, E A D G B E
Adele,Set Fire To The Rain ,"1,826",2808381,Chords,intermediate, Am, 5th fret, E A D G B E
Red Hot Chili Peppers,Under The Bridge,344,2802922,Chords,intermediate, E,No Capo, E A D G B E
Jason Mraz,Im Yours ,246,2796403,Tab,novice,Db,No Capo,E A D G B E
The Beatles,While My Guitar Gently Weeps,"4,057",2796444,Chords,intermediate, Am,No Capo, E A D G B E
John Denver,Leaving On A Jet Plane,"3,502",2795382,Chords,intermediate, G,No Capo, E A D G B E
Amy Winehouse,Back To Black,"3,218",2791255,Chords,intermediate, Dm,No Capo, E A D G B E
The Band Perry,If I Die Young,587,2785705,Chords,intermediate, E, 2nd fret, E A D G B E
Jimi Hendrix,Little Wing ,520,2781487,Tab,intermediate, Ebm,No Capo,E A D G B E
Coldplay,Clocks,"2,231",2773698,Chords,intermediate, Fm, 1st fret, E A D G B E
Adele,Rolling In The Deep ,544,2773091,Chords,novice,Db, 3rd fret, E A D G B E
John Legend,All Of Me ,"3,920",2773072,Chords,novice, Fm, 1st fret, E A D G B E
Katy Perry,Roar,"1,268",2770457,Chords,novice,Db, 3rd fret, E A D G B E
Leonard Cohen,Hallelujah,"3,450",2768516,Chords,novice, C, 5th fret, E A D G B E
Adele,Set Fire To The Rain,282,2766646,Chords,intermediate,Db,No Capo, E A D G B 
U2,One Acoustic,"1,966",2747450,Chords,intermediate,Db,No Capo, Eb Ab Db Gb Bb E
Bruno Mars,Talking To The Moon,"2,750",2746405,Chords,novice, C, 4th fret, E A D G B E
Misc Cartoons,Aladdin - A Whole New World,"1,039",2736954,Chords,intermediate, D,No Capo, E A D G B E
Milky Chance,Stolen Dance,"1,179",2723501,Chords,novice, G#m,No Capo, E A D G B E
Eagles,Hotel California Solo ,670,2719908,Tab,intermediate, Bm,No Capo, E A D G B E
Ed Sheeran,Supermarket Flowers,"4,965",2719273,Chords,novice, C, 6th fret, E A D G B E
Neil Young,Heart Of Gold,"3,264",2717238,Chords,novice, Em,No Capo, E A D G B E
Taylor Swift,Our Song,"1,428",2715783,Chords,novice, Bm,No Capo, E A D G B E
The Beatles,Yesterday ,"7,483",2715611,Chords,novice, F, 5th fret, E A D G B E
Ed Sheeran,Kiss Me,"1,286",2712501,Chords,novice, D,No Capo, E A D G B E
Ed Sheeran,I See Fire,"1,992",2701258,Chords,novice,Db, 1st fret, E A D G B E
Shawn Mendes,Treat You Better ,"1,432",2689975,Chords,intermediate, Bbm, 1st fret, E A D G B E
Josh Groban,You Raise Me Up ,"1,081",2690043,Chords,intermediate, Eb, 1st fret, E A D G B E
Johnny Cash,Hurt ,"5,499",2685469,Chords,novice, Am,No Capo, E A D G B E
Michael Bublé,Home,"1,376",2678595,Chords,intermediate, G,No Capo, E A D G B E
Johnny Cash,Hurt,651,2667067,Tab,intermediate, Am,No Capo, E A D G B E
Daniel Caesar,Best Part,"2,144",2666928,Chords,novice, D,No Capo, E A D G B E
Queen,Crazy Little Thing Called Love,866,2664383,Chords,intermediate, D,No Capo, E A D G B E
Billie Eilish,Ocean Eyes,"6,117",2640636,Chords,novice, Em,No Capo, E A D G B E
A Day to Remember,If It Means A Lot To You,732,2639398,Chords,intermediate,Db,No Capo, D G C F A 
Snow Patrol,Chasing Cars,"1,099",2638090,Tab,intermediate,Db,No Capo, E A D G B 
Taylor Swift,Fifteen,892,2637195,Chords,intermediate,Db,No Capo,E A D G B E
Nirvana,The Man Who Sold The World,"1,692",2637081,Chords,intermediate, C#m,No Capo, Eb Ab Db Gb Bb Eb
Johnny Cash,Folsom Prison Blues ,"4,417",2635284,Chords,novice, E, 1st fret, E A D G B E
Demi Lovato,Let It Go,"1,182",2632316,Chords,novice,Db,No Capo, E A D G B 
Jason Mraz,I Wont Give Up ,"2,350",2627044,Chords,intermediate,Db, 2nd fret, E A D G B E
Scorpions,Wind Of Change ,"1,601",2625793,Chords,intermediate, C,No Capo, E A D G B E
Alicia Keys,If I Aint Got You ,"2,473",2624817,Chords,novice, C,No Capo, E A D G B E
System of a Down,Chop Suey ,756,2622927,Tab,intermediate,Db,No Capo, C G C F A 
Hozier,Take Me To Church ,"2,054",2620639,Chords,intermediate,Db,No Capo,E A D G B E
Ruth B.,Lost Boy Acoustic,689,2619633,Chords,novice, Em,No Capo, E A D G B E
Foo Fighters,Times Like These Acoustic,"2,709",2611927,Chords,intermediate, Em,No Capo, E A D G B E
The Animals,House Of The Rising Sun ,"6,970",2609124,Chords,novice, Am,No Capo, E A D G B E
Christina Perri,A Thousand Years ,"1,217",2607230,Chords,intermediate, G, 3rd fret, E A D G B E
Coldplay,The Scientist,"2,452",2606902,Chords,intermediate, Dm, 3rd fret, E A D G B E
Mumford & Sons,The Cave,"2,184",2602580,Chords,intermediate,Db, 4th fret, E A D G B E
Gnarls Barkley,Crazy ,"3,970",2602293,Chords,novice, Cm, 3rd fret, E A D G B E
Fiersa Besari,Celengan Rindu,164,2578588,Chords,intermediate, C,No Capo, E A D G B E
Moonstar88,Torete,322,2578628,Chords,intermediate, D,No Capo, E A D G B E
Kings of Leon,Sex On Fire,755,2577859,Chords,novice,Db,No Capo, E A D G B 
Otis Redding,Sittin On The Dock Of The Bay ,"3,774",2573526,Chords,novice, G,No Capo, E A D G B E
Coldplay,Paradise ,682,2571641,Chords,intermediate, Bb,No Capo, E A D G B E
Misc Soundtrack,The Greatest Showman - A Million Dreams ,"3,993",2558097,Chords,intermediate, G,No Capo, E A D G B E
Katy Perry,Firework,"1,421",2548005,Chords,novice, Ab, 1st fret, E A D G B E
Tracy Chapman,Fast Car ,"1,393",2537145,Tab,intermediate, Em, 2nd fret, E A D G B E
Shania Twain,Youre Still The One,"1,400",2534294,Chords,novice, Eb, 1st fret, E A D G B E
Payung Teduh,Akad,586,2530044,Chords,novice, Em, 2nd fret, E A D G B E
Travie McCoy,Billionaire,129,2517096,Chords,intermediate, A,No Capo, E A D G B E
Ludwig van Beethoven,Für Elise ,"1,260",2515338,Tab,intermediate, Am,No Capo, E A D G B E
John Mayer,Gravity,"1,478",2514323,Chords,intermediate, C,No Capo, E A D G B E
Pink Floyd,Comfortably Numb,"3,710",2513978,Chords,novice, Bm,No Capo, E A D G B E
Guns N' Roses,Dont Cry,479,2513720,Tab,intermediate, F,No Capo, E A D G B E
3 Doors Down,Kryptonite ,847,2509944,Tab,intermediate,Db,No Capo, E A D G B 
Mumford & Sons,The Cave,582,2509470,Tab,intermediate,Db,No Capo, E A D G B 
Rise Against,Hero Of War ,"2,263",2507343,Chords,intermediate,Db,No Capo,E A D G B E
Eric Clapton,Layla Acoustic Live ,824,2499679,Tab,intermediate,Db,No Capo,E A D G B E
The Rolling Stones,Wild Horses,"1,087",2498864,Chords,intermediate, C,No Capo, E A D G B E
Louis Armstrong,What A Wonderful World ,"1,605",2498170,Chords,intermediate, F,No Capo, E A D G B E
Fourtwnty,Zona Nyaman,162,2490109,Chords,intermediate, E,No Capo, E A D G B E
System of a Down,Lonely Day,449,2486692,Tab,novice,Db,No Capo, Db Ab Db Gb Bb E
The Beatles,All My Loving,"3,772",2484417,Chords,intermediate, Em, 2nd fret, E A D G B E
Radiohead,Creep ,"1,622",2481604,Chords,intermediate, C,No Capo, E A D G B E
Jack Johnson,Better Together ,"1,824",2476415,Chords,novice, C, 5th fret, E A D G B E
Guns N' Roses,Sweet Child O Mine Intro,455,2473085,Tab,intermediate, D,No Capo, E A D G B E
Third Eye Blind,Jumper,627,2468061,Chords,intermediate,Db,No Capo, E A D G B 
Lorde,Royals,"1,437",2466634,Chords,novice,Db,No Capo, E A D G B 
Misc Christmas,Feliz Navidad,"2,082",2464790,Chords,novice, G,No Capo, E A D G B E
The Beatles,Here Comes The Sun ,"1,028",2456847,Tab,intermediate,Db, 7th fret, E A D G B E
The Beatles,In My Life ,"2,952",2449892,Chords,intermediate, A,No Capo, E A D G B E
Aerosmith,Dream On ,"1,140",2444726,Tab,intermediate,Db,No Capo, E A D G B 
Edward Sharpe and the Magnetic Zeros,Home,"1,471",2444433,Chords,novice, Bm,No Capo, E A D G B E
Celine Dion,My Heart Will Go On,394,2431873,Chords,intermediate,Db,No Capo,E A D G B E
One Direction,Story Of My Life ,801,2430793,Chords,intermediate,Db, 1st fret, E A D G B E
Metallica,Nothing Else Matters Intro,659,2429120,Tab,intermediate, Em,No Capo, E A D G B E
Bruno Mars,Grenade ,741,2427308,Chords,intermediate,Db, 5th fret, E A D G B E
James Morrison,Broken Strings ,"1,417",2424504,Chords,novice,Db,No Capo,E A D G B E
Ed Sheeran,The A Team ,"4,821",2424157,Chords,novice, A, 2nd fret, E A D G B E
Misc Television,Game Of Thrones Theme,596,2423475,Tab,novice, Cm,No Capo, E A D G B E
Jessie J,Flashlight ,"1,204",2422773,Chords,intermediate, C, 5th fret, E A D G B E
Guns N' Roses,Patience,"3,005",2423219,Chords,intermediate, C,No Capo, Eb Ab Db Gb Bb Eb
Led Zeppelin,Black Dog ,"1,013",2420288,Tab,intermediate, F#m,No Capo, E A D G B E
Sam Smith,Lay Me Down,"1,717",2419342,Chords,intermediate, E,No Capo,E A D G B E
P!nk,Fuckin Perfect,922,2417836,Chords,intermediate,Db,No Capo, E A D G B 
Kansas,Dust In The Wind,604,2415431,Chords,intermediate, C,No Capo, E A D G B E
Rey Valera,Kahit Maputi Na Ang Buhok Ko,410,2412964,Chords,intermediate, G,No Capo, E A D G B E
Israel Kamakawiwo'ole,Over The Rainbow,"6,184",2406647,Ukulele,novice, C,No Capo, G C E A
Avenged Sevenfold,Dear God,703,2402995,Chords,intermediate, F,No Capo, E A D G B E
Juan Karlos Labajo,Buwan,499,2401920,Chords,intermediate, Am,No Capo, E A D G B E
AC/DC,Highway To Hell,954,2401067,Chords,intermediate, A,No Capo, E A D G B E
Fugees,Killing Me Softly,"2,465",2401458,Chords,intermediate, Em,No Capo, E A D G B E
Randy Newman,Youve Got A Friend In Me,"3,005",2389623,Chords,intermediate, Eb, 3rd fret, E A D G B E
Neil Diamond,Sweet Caroline,546,2386213,Chords,novice, A, 2nd fret, E A D G B E
5 Seconds Of Summer,Amnesia,"1,444",2378477,Chords,novice,Db, 2nd fret, E A D G B E
Amy Winehouse,Valerie ,"2,729",2361973,Chords,novice,Db, 3rd fret, E A D G B E
Avril Lavigne,Complicated,981,2357684,Chords,novice, Dm,No Capo, E A D G B E
Miley Cyrus,Wrecking Ball ,213,2353090,Chords,novice,Db, 3rd fret,E A D G B E
Mr. Big,To Be With You,704,2343615,Chords,intermediate, C#m,No Capo, E A D G B E
Black Sabbath,Paranoid,595,2339820,Tab,intermediate,Db,No Capo, E A D G B 
Enrique Iglesias,Hero,342,2339374,Chords,intermediate,Db,No Capo, E A D G B 
Weezer,Say It Aint So ,746,2332938,Tab,intermediate,Db,No Capo, E A D G B 
Sungha Jung,River Flows In You ,801,2329259,Tab,intermediate, F#m, 2nd fret, E A D G B E
Bruno Mars,Versace On The Floor,145,2328170,Chords,novice, G, 2nd fret, E A D G B E
David Crowder*Band,How He Loves,"1,720",2325434,Chords,intermediate, C,No Capo, E A D G B E
Misc Christmas,Silent Night ,"4,718",2323452,Chords,novice, G,No Capo, E A D G B E
Red Hot Chili Peppers,Under The Bridge ,"2,305",2322432,Chords,intermediate,Db,No Capo, E A D G B 
Rihanna,Diamonds,552,2319694,Chords,novice,Db,No Capo, E A D G B 
Damien Rice,The Blowers Daughter,"1,261",2316738,Chords,intermediate,Db,No Capo, E A D G B 
The White Stripes,Seven Nation Army,851,2312486,Chords,intermediate,Db,No Capo, E A D G B 
Metallica,Welcome Home Sanitarium,548,2311927,Tab,intermediate,Db,No Capo, E A D G B 
Maroon 5,Sunday Morning ,134,2310252,Chords,intermediate, Dm,No Capo,E A D G B E
Chris Stapleton,Tennessee Whiskey,"3,408",2308705,Chords,novice, A,No Capo, E A D G B E
Lynyrd Skynyrd,Simple Man,579,2304537,Tab,intermediate,Db,No Capo, Eb Ab Db Gb Bb E
Hillsong United,Hosanna,465,2301982,Chords,intermediate, E,No Capo, E A D G B E
Jack Johnson,Banana Pancakes,"1,046",2301907,Tab,intermediate,Db,No Capo, E A D G B 
Guns N' Roses,November Rain ,"1,358",2299585,Chords,intermediate, F,No Capo, Eb Ab Db Gb Bb Eb
Imagine Dragons,Demons ,"5,079",2299065,Chords,novice, Eb, 3rd fret, E A D G B E
Fourtwnty,Fana Merah Jambu ,252,2296587,Chords,novice, Em,No Capo, E A D G B E
Bryan Adams,Everything I Do I Do It For You,"1,263",2295795,Chords,intermediate, Ebm, 1st fret, E A D G B E
Misc Soundtrack,The Greatest Showman - Never Enough ,"3,543",2294640,Chords,novice, Ab, 1st fret, E A D G B E
Billie Eilish,When The Partys Over,"5,570",2290050,Chords,novice, A, 4th fret, E A D G B E
Cream,Sunshine Of Your Love ,759,2283904,Tab,intermediate, Dm,No Capo, E A D G B E
Bob Marley,Redemption Song,979,2281523,Chords,novice, G,No Capo, E A D G B E
Guns N' Roses,Sweet Child O Mine Solo,382,2280053,Tab,intermediate, D,No Capo,E A D G B E
Daft Punk,Get Lucky ,307,2279742,Chords,novice,Db,No Capo, E A D G B 
The Beatles,Help,"1,429",2276684,Chords,intermediate, A,No Capo, E A D G B E
Plain White T's,Hey There Delilah,"1,026",2274656,Chords,novice,Db,No Capo, E A D G B 
Ingrid Michaelson,You And I,"1,161",2273153,Chords,novice,Db,No Capo, E A D G B 
Ed Sheeran,Shape Of You,"1,924",2271171,Chords,novice, C#m,No Capo, E A D G B E
Bob Dylan,Dont Think Twice Its All Right ,"4,337",2264050,Chords,intermediate, C, 4th fret, E A D G B E
Adele,Hello,"1,260",2262393,Chords,intermediate, Em, 1st fret, E A D G B E
Demi Lovato,Skyscraper ,190,2253347,Chords,novice,Db,No Capo, E A D G B 
Eric Clapton,Wonderful Tonight ,"3,484",2251336,Chords,intermediate, G,No Capo, E A D G B E
Goo Goo Dolls,Iris ,763,2250565,Chords,intermediate, D,No Capo, E A D G B E
Miley Cyrus,The Climb ,650,2249025,Chords,intermediate, D, 2nd fret, E A D G B E
The Chainsmokers,Closer ,251,2246456,Chords,novice, C, 1st fret, E A D G B E
Elvis Presley,Cant Help Falling In Love,356,2246758,Tab,intermediate, G,No Capo, E A D G B E
Ben E. King,Stand By Me ,"3,252",2245111,Chords,novice, A, 2nd fret, E A D G B E
Misc Traditional,Happy Birthday,625,2241760,Chords,novice, A,No Capo, E A D G B E
The Beatles,Come Together,"2,483",2236355,Chords,novice, Dm,No Capo, E A D G B E
Limp Bizkit,Behind Blue Eyes,"1,094",2232307,Chords,intermediate, Em,No Capo, E A D G B E
Taylor Swift,Mean ,"1,073",2230017,Chords,novice,Db, 2nd fret,E A D G B E
Bob Dylan,Like A Rolling Stone ,"1,841",2218961,Chords,intermediate, C,No Capo, E A D G B E
Oasis,Wonderwall ,784,2218725,Chords,novice, F#m, 2nd fret, E A D G B E
Led Zeppelin,Babe Im Gonna Leave You ,"1,229",2216657,Tab,intermediate,Db,No Capo,E A D G B E
Muse,Knights Of Cydonia,929,2216044,Tab,intermediate,Db,No Capo, E A D G B 
Fiersa Besari,Waktu Yang Salah ,41,2213119,Chords,novice, G,No Capo, E A D G B E
Arctic Monkeys,Mardy Bum,"1,727",2210879,Chords,novice,Db,No Capo, E A D G B 
Misc Soundtrack,Pirates Of The Caribbean - Hes A Pirate ,457,2210200,Tab,intermediate, Dm,No Capo, E A D G B E
Shawn Mendes,Imagination,"1,122",2208837,Chords,intermediate, Am,No Capo, E A D G B E
Plain White T's,Hey There Delilah,383,2207479,Tab,intermediate,Db,No Capo, E A D G B 
AC/DC,Highway To Hell,612,2190805,Tab,intermediate, Ab,No Capo, Eb Ab Db Gb Bb Eb
Tom Petty,Free Fallin,663,2190327,Chords,novice, F, 8th fret, E A D G B E
Queen,Somebody To Love,"1,194",2188412,Chords,intermediate, Ab, 1st fret, E A D G B E
Maroon 5,This Love ,"1,407",2186950,Chords,intermediate,Db, 3rd fret, E A D G B E
Charlie Puth,We Dont Talk Anymore,"1,129",2185037,Chords,novice, E, 4th fret, E A D G B E
Auburn,Perfect Two,338,2179256,Chords,novice,Db,No Capo, E A D G B 
The Script,For The First Time ,"1,033",2178658,Chords,novice,Db, 2nd fret, E A D G B E
Green Day,Boulevard Of Broken Dreams Acoustic ,"2,436",2177829,Chords,intermediate,Db, 1st fret, E A D G B E
Alessia Cara,How Far Ill Go ,"1,634",2177749,Chords,novice, C, 4th fret, E A D G B E
Gotye,Somebody That I Used To Know,776,2175825,Chords,novice, Dm,No Capo, E A D G B E
Cage the Elephant,Cigarette Daydreams,"4,894",2175365,Chords,intermediate, D,No Capo, E A D G B E
Ellie Goulding,Love Me Like You Do ,"1,122",2170968,Chords,intermediate,Db,No Capo, E A D G B 
Green Day,Wake Me Up When September Ends,717,2169630,Chords,intermediate, G,No Capo, E A D G B E
Coheed and Cambria,Welcome Home,424,2168423,Tab,intermediate,Db,No Capo,E A D G B E
Ed Sheeran,Galway Girl,"2,514",2164373,Chords,novice, F#m, 2nd fret, E A D G B E
Marilyn Manson,Sweet Dreams Are Made Of This ,698,2157780,Tab,intermediate,Db,No Capo,E A D G B E
OutKast,Hey Ya,310,2148336,Chords,intermediate,Db,No Capo, E A D G B 
Taylor Swift,White Horse ,"1,050",2148254,Chords,intermediate,Db,No Capo, E A D G B 
Green Day,21 Guns ,694,2143296,Chords,intermediate,Db,No Capo, E A D G B 
Crowded House,Dont Dream Its Over,"2,830",2143321,Chords,intermediate, Eb, 3rd fret, E A D G B E
Eddie Vedder,Society,"2,506",2140891,Chords,novice, Bm,No Capo, E A D G B E
Callalily,Magbalik,178,2137783,Chords,intermediate, E,No Capo, E A D G B E
The Band,The Weight,"1,856",2137150,Chords,intermediate, A,No Capo, E A D G B E
Eraserheads,With A Smile,278,2137419,Chords,intermediate, G,No Capo, E A D G B E
Guns N' Roses,Welcome To The Jungle,447,2136712,Tab,intermediate,Db,No Capo, E A D G B 
Maroon 5,Memories,"3,226",2132538,Chords,novice, B, 4th fret, E A D G B E
Creedence Clearwater Revival,Proud Mary,"1,387",2129852,Chords,intermediate, D,No Capo, E A D G B E
Coldplay,The Scientist ,286,2116867,Chords,intermediate, Am,No Capo, E A D G B E
kahitna,Cantik,167,2114979,Chords,intermediate, A,No Capo, E A D G B E
Avril Lavigne,When Youre Gone ,297,2114149,Chords,intermediate,Db,No Capo, E A D G B 
Edwin McCain,Ill Be,651,2113190,Chords,intermediate,Db,No Capo, E A D G B 
Coldplay,Yellow ,961,2106597,Chords,novice, C,No Capo, E A D G B E
The Beatles,Something ,"2,503",2103806,Chords,intermediate, C,No Capo, E A D G B E
3 Doors Down,Here Without You ,248,2084837,Tab,intermediate,Db,No Capo,E A D G B E
Blink-182,I Miss You,969,2073875,Chords,novice, B,No Capo, Eb Ab Db Gb Bb Eb
Keane,Somewhere Only We Know ,503,2072903,Chords,intermediate, B, 2nd fret, E A D G B E
Lady Gaga,Million Reasons,"3,947",2071380,Chords,novice, C,No Capo, E A D G B E
James Arthur,Impossible,"1,653",2067062,Chords,novice, Em,No Capo, E A D G B E
Guns N' Roses,Knockin On Heavens Door,187,2065934,Tab,intermediate,Db,No Capo, Eb Ab Db Gb Bb E
Kings of Leon,Use Somebody,315,2064927,Tab,intermediate,Db,No Capo,E A D G B E
Arctic Monkeys,Do I Wanna Know,374,2062164,Tab,novice, Gm,No Capo, E A D G B E
Lil Wayne,How To Love,411,2061891,Chords,novice,Db, 4th fret, E A D G B E
Five for Fighting,Superman Its Not Easy,"1,400",2059444,Chords,intermediate, C,No Capo, E A D G B E
Johnny Cash,I Walk The Line ,"1,920",2059368,Chords,intermediate, F, 1st fret, E A D G B E
Taylor Swift,Speak Now,891,2058772,Chords,novice, G,No Capo, E A D G B E
Misc Traditional,Happy Birthday ,"1,274",2056091,Chords,novice, Db,No Capo, E A D G B E
Michael Jackson,Man In The Mirror,541,2053798,Chords,intermediate, G,No Capo, E A D G B E
City and Colour,The Girl,"1,571",2052055,Chords,novice,Db, 3rd fret, E A D G B E
Tenacious D,Tribute,"1,219",2047930,Chords,novice, Am,No Capo, E A D G B E
Slipknot,Snuff,"1,071",2039530,Chords,novice, F#m,No Capo, C# F# B E G# C#
a-ha,Take On Me,"1,096",2039620,Chords,novice, Bm,No Capo, E A D G B E
James Arthur,Say You Wont Let Go ,767,2029615,Chords,novice, G, 3rd fret, E A D G B E
The Kooks,Naive ,"1,057",2026356,Chords,intermediate,Db, 4th fret, E A D G B E
Tracy Chapman,Fast Car,433,2023252,Chords,intermediate,Db, 2nd fret, E A D G B E
Imagine Dragons,Believer ,"3,542",2020078,Chords,novice, Bbm, 1st fret, E A D G B E
Lady Gaga,Paparazzi ,703,2012865,Chords,intermediate, Cm, 1st fret, E A D G B E
Green Day,Wake Me Up When September Ends ,"3,621",2008757,Chords,novice, G,No Capo, E A D G B E
Adele,Turning Tables,"1,075",2003349,Chords,intermediate,Db, 1st fret,E A D G B E
Israel Kamakawiwo'ole,Over The Rainbow ,"2,655",2001804,Chords,novice, G, 5th fret, E A D G B E
Matt Redman,Blessed Be Your Name,"1,574",2000840,Chords,intermediate,Db, 4th fret, E A D G B E
Billie Eilish,Lovely,"2,913",1995360,Chords,novice, C,No Capo, E A D G B E
Taylor Swift,Wildest Dreams,"2,665",1993333,Chords,novice, Db, 1st fret, E A D G B E
Jessie J,Price Tag,506,1991415,Chords,novice, F, 5th fret, E A D G B E
Colbie Caillat,Realize,362,1990835,Chords,intermediate,Db, 6th fret,E A D G B E
Mariah Carey,All I Want For Christmas Is You ,"1,933",1989426,Chords,intermediate, G,No Capo, E A D G B E
The Beatles,I Want To Hold Your Hand ,"3,432",1987981,Chords,novice, G,No Capo, E A D G B E
Keane,Somewhere Only We Know,"2,171",1987963,Chords,intermediate, C,No Capo, E A D G B E
Daniel Powter,Bad Day ,"1,585",1982663,Chords,intermediate,Db, 1st fret, E A D G B E
Dewa 19,Kangen ,186,1976988,Chords,novice, D,No Capo, E A D G B E
Slayer,Raining Blood ,582,1976125,Tab,intermediate, D#m,No Capo, Eb Ab Db Gb Bb Eb
Alamid,Your Love,293,1963381,Chords,intermediate, Em,No Capo, E A D G B E
John Mayer,Free Fallin ,477,1962769,Tab,novice, F, 3rd fret, E A D G B E
Pink Floyd,Comfortably Numb,547,1957246,Tab,intermediate, Bm,No Capo, E A D G B E
Jessie J,Price Tag ,726,1955491,Chords,novice, F, 5th fret, E A D G B E
Simon & Garfunkel,The Boxer,"1,523",1955104,Chords,intermediate, B,No Capo, Eb Ab Db Gb Bb Eb
Sum 41,Fat Lip ,510,1952535,Tab,intermediate,Db,No Capo,E A D G B E
Taylor Swift,22,506,1952405,Chords,novice,Db,No Capo, E A D G B 
Jason Mraz,Lucky ,300,1952469,Chords,novice, C,No Capo, E A D G B E
Blink-182,All The Small Things ,590,1952108,Tab,intermediate,Db,No Capo, E A D G B 
Bon Jovi,Wanted Dead Or Alive ,"2,376",1948827,Chords,novice, D,No Capo, E A D G B E
Bruno Mars,Marry You ,"1,904",1947841,Chords,novice,Db, 3rd fret, E A D G B E
Ed Sheeran,All Of The Stars,"2,473",1947340,Chords,novice, B, 4th fret, E A D G B E
Johann Pachelbel,Canon In D ,796,1947043,Tab,intermediate,Db,No Capo,E A D G B E
John Mayer,Slow Dancing In A Burning Room ,455,1944763,Tab,intermediate, E,No Capo, E A D G B E
Queen,Dont Stop Me Now ,"1,638",1944806,Chords,intermediate, F,No Capo, E A D G B E
Louis Armstrong,What A Wonderful World ,"4,907",1941540,Chords,novice, F, 5th fret, E A D G B E
Shawn Mendes,Mercy,"1,800",1936419,Chords,novice, Em,No Capo, E A D G B E
Hillsong United,From The Inside Out,497,1936012,Chords,intermediate, C,No Capo, E A D G B E
Hinder,Lips Of An Angel,626,1934435,Chords,novice,Db,No Capo, D A D G B 
Elton John,Can You Feel The Love Tonight ,"2,474",1930395,Chords,intermediate, Eb, 3rd fret, E A D G B E
John Mayer,Daughters,544,1928779,Chords,intermediate, Bm,No Capo, E A D G B E
One Direction,You And I,981,1921961,Chords,novice, Gb, 1st fret, E A D G B E
Dire Straits,Sultans Of Swing ,"1,973",1921255,Chords,novice, Dm,No Capo, E A D G B E
Radiohead,Fake Plastic Trees,806,1920265,Chords,intermediate, A,No Capo, E A D G B E
Taylor Swift,Love Story ,339,1918992,Chords,novice, D,No Capo, E A D G B E
Lana Del Rey,Video Games,630,1916577,Chords,novice, Em, 2nd fret, E A D G B E
Taylor Swift,Shake It Off,"1,153",1915221,Chords,intermediate, G,No Capo, E A D G B E
Simple Plan,Summer Paradise,470,1913888,Chords,novice,Db,No Capo, E A D G B 
R.E.M.,Everybody Hurts,"2,794",1912881,Chords,intermediate, Em,No Capo, E A D G B E
Britney Spears,Toxic ,933,1906675,Chords,intermediate, Am, 3rd fret, E A D G B E
The Cure,Friday Im In Love,"2,756",1905358,Chords,intermediate,Db,No Capo, E A D G B 
Matisyahu,One Day,"1,033",1904850,Chords,intermediate, C,No Capo,E A D G B E
Ronan Keating,When You Say Nothing At All,373,1902425,Chords,intermediate, G,No Capo, E A D G B E
Lil Nas X,Old Town Road,"4,813",1900950,Chords,novice, Ab, 4th fret, E A D G B E
Foo Fighters,Everlong ,181,1899359,Tab,intermediate,Db,No Capo, D A D G B 
Katy Perry,The One That Got Away,961,1897027,Chords,intermediate,Db,No Capo, E A D G B 
John Lennon,Happy Xmas War Is Over ,961,1889378,Chords,novice, G,No Capo, E A D G B E
Bob Dylan,Blowin In The Wind,"3,453",1886420,Chords,novice, D, 7th fret, E A D G B E
Joe Anderson,Hey Jude,938,1883247,Chords,novice, D, 1st fret, E A D G B E
James Taylor,Youve Got A Friend,"1,446",1882944,Chords,intermediate, G, 2nd fret, E A D G B E
Maroon 5,She Will Be Loved ,"2,681",1880762,Chords,novice, Am, 3rd fret, E A D G B E
Green Day,Boulevard Of Broken Dreams,179,1879559,Tab,intermediate, Eb,No Capo, E A D G B E
Iron Maiden,The Trooper,451,1877420,Tab,intermediate,Db,No Capo, E A D G B 
Death Cab for Cutie,I Will Follow You Into The Dark,521,1874366,Tab,intermediate,Db, 5th fret, E A D G B E
James Blunt,Youre Beautiful,"1,044",1874444,Chords,intermediate, C, 3rd fret, E A D G B E
Taylor Swift,Red,"1,020",1866605,Chords,novice,Db, 4th fret,E A D G B E
Ben&Ben,Kathang Isip,714,1866252,Chords,novice, Eb, 3rd fret, E A D G B E
Chris Tomlin,Here I Am To Worship,"1,817",1864100,Chords,intermediate, D, 2nd fret, E A D G B E
Simon & Garfunkel,Bridge Over Troubled Water ,"1,208",1861051,Chords,novice, Eb, 3rd fret, E A D G B E
The Beatles,Let It Be ,"2,940",1860107,Chords,intermediate, C,No Capo,E A D G B E
Janis Joplin,Me And Bobby Mcgee,"1,723",1859374,Chords,intermediate,Db,No Capo, E A D G B 
System of a Down,Toxicity,524,1852061,Tab,intermediate,Db,No Capo, C G C F A 
Creed,One Last Breath,762,1849780,Tab,intermediate,Db,No Capo, E A D G B 
Hoobastank,The Reason,667,1845259,Chords,intermediate,Db,No Capo, E A D G B 
Goo Goo Dolls,Iris ,340,1844782,Tab,intermediate,Db,No Capo, E A D G B 
Parokya ni Edgar,Your Song,292,1843798,Chords,novice, B, 2nd fret, E A D G B E
Bob Marley,No Woman No Cry,"1,207",1843382,Chords,intermediate, C,No Capo, E A D G B E
Tenacious D,Fuck Her Gently,"1,837",1842907,Chords,intermediate,Db,No Capo,E A D G B E
Billie Eilish,Idontwannabeyouanymore,"4,586",1842378,Chords,intermediate, C,No Capo, E A D G B E
Wiz Khalifa,See You Again,"1,762",1837455,Chords,novice, Gm, 3rd fret, E A D G B E
Harry Styles,Sign Of The Times,"2,397",1836918,Chords,novice, F,No Capo, E A D G B E
The Righteous Brothers,Unchained Melody,"2,355",1833897,Chords,intermediate, C,No Capo, E A D G B E
Niall Horan,This Town,"3,598",1832503,Chords,intermediate, C, 2nd fret, E A D G B E
Stephen Speaks,Passenger Seat,118,1830527,Chords,intermediate,Db,No Capo, E A D G B 
Muse,Hysteria,685,1823282,Bass,advanced, Am,No Capo, E A D G
The Beatles,Blackbird ,"1,656",1816360,Chords,intermediate, G,No Capo, E A D G B E
Maroon 5,Payphone ,559,1814332,Chords,intermediate,Db, 4th fret, E A D G B E
Budi Doremi,Tolong,186,1805514,Chords,intermediate, A,No Capo, E A D G B E
Eagles,Hotel California ,"4,566",1804447,Chords,novice, A, 2nd fret, E A D G B E
Radiohead,No Surprises,"1,980",1803897,Chords,intermediate, F, 3rd fret, E A D G B E
This Band,Kahit Ayaw Mo Na,487,1799898,Chords,novice, D,No Capo, E A D G B E
Blink-182,Dammit,872,1795662,Tab,novice, C,No Capo, E A D G B E
The Smiths,There Is A Light That Never Goes Out,"1,406",1790828,Chords,intermediate, B, 4th fret, E A D G B E
Wiz Khalifa,See You Again ,598,1790394,Chords,intermediate, Em, 3rd fret,E A D G B E
Cyndi Lauper,Time After Time ,685,1789485,Chords,intermediate, F,No Capo, E A D G B E
Ed Sheeran,Photograph Intro ,"1,944",1787745,Tab,intermediate, C, 4th fret, E A D G B E
Kansas,Dust In The Wind ,"4,759",1782720,Chords,novice, C,No Capo, E A D G B E
Counting Crows,Accidentally In Love,"2,202",1782630,Chords,intermediate,Db,No Capo, E A D G B 
Green Day,Basket Case,442,1778467,Tab,intermediate,Db,No Capo, Eb Ab Db Gb Bb E
Enrique Iglesias,Hero ,"1,159",1775426,Chords,novice, G,No Capo, E A D G B E
Maroon 5,Girls Like You,"1,606",1774881,Chords,novice, C,No Capo, E A D G B E
The Rolling Stones,Paint It Black,"2,084",1774191,Chords,novice, Em,No Capo, E A D G B E
Justin Timberlake,Mirrors ,679,1770785,Chords,novice,Db, 1st fret, E A D G B E
The Chainsmokers,Closer ,"1,158",1770489,Chords,intermediate, C,No Capo, E A D G B E
Bing Crosby,White Christmas,"1,590",1767579,Chords,intermediate, G,No Capo, E A D G B E
All Time Low,Remembering Sunday,642,1765620,Chords,intermediate,Db, 2nd fret,E A D G B E
Eraserheads,Ang Huling El Bimbo,568,1765748,Chords,intermediate, G,No Capo,E A D G B E
Sublime,Santeria ,590,1762062,Tab,intermediate,Db,No Capo, E A D G B 
Miley Cyrus,We Cant Stop ,542,1760485,Chords,novice,Db, 4th fret, E A D G B E
Jack Johnson,Better Together ,511,1759884,Chords,intermediate,Db, 3rd fret, E A D G B E
Nirvana,About A Girl Acoustic,"1,069",1759195,Chords,intermediate, Em,No Capo, E A D G B E
Sheryl Crow,Sweet Child O Mine,541,1758686,Chords,intermediate, D,No Capo, E A D G B E
Tom Odell,Another Love,"1,355",1758720,Chords,novice, Em,No Capo, E A D G B E
Adele,Hello ,"2,585",1757925,Chords,novice, Em, 1st fret, E A D G B E
Rihanna,We Found Love,597,1753963,Chords,intermediate, F, 6th fret, E A D G B E
ZZ Top,Sharp Dressed Man,128,1753377,Tab,intermediate, Cm,No Capo, E A D G B E
Cory Asbury,Reckless Love ,"3,622",1752150,Chords,intermediate, Em,No Capo, Eb Ab Db Gb Bb Eb
Rivermaya,Kisapmata,275,1749477,Chords,intermediate, D,No Capo,E A D G B E
Hozier,Take Me To Church,990,1741763,Chords,intermediate, Em,No Capo, E A D G B E
Meghan Trainor,All About That Bass,531,1740855,Chords,novice, A,No Capo, E A D G B E
Simple Plan,Welcome To My Life,879,1739271,Chords,intermediate, Db, 1st fret, E A D G B E
Bon Jovi,Wanted Dead Or Alive ,"1,104",1738780,Chords,intermediate,Db,No Capo, E A D G B 
Evanescence,My Immortal Acoustic,833,1735990,Chords,intermediate,Db,No Capo, E A D G B 
Eraserheads,Pare Ko,272,1735894,Chords,intermediate, G,No Capo, E A D G B E
Nirvana,Come As You Are,407,1735052,Chords,intermediate,Db,No Capo, D G C F A 
The Beatles,Youve Got To Hide Your Love Away ,"1,594",1733846,Chords,intermediate, G,No Capo, E A D G B E
Oasis,Half The World Away ,"2,043",1732471,Chords,novice, C,No Capo, E A D G B E
Alex & Sierra,Little Do You Know,"1,982",1727932,Chords,novice, Am,No Capo, E A D G B E
John Lennon,Imagine ,"1,187",1726726,Chords,intermediate, C,No Capo,E A D G B E
The Police,Every Breath You Take ,387,1726263,Chords,intermediate, Ab,No Capo, Eb Ab Db Gb Bb Eb
Bon Jovi,Bed Of Roses,846,1726091,Chords,novice, F,No Capo, E A D G B E
Maroon 5,Sugar ,604,1725746,Chords,intermediate, Db, 1st fret, E A D G B E
Backstreet Boys,I Want It That Way ,"1,822",1724703,Chords,intermediate, F#m, 2nd fret, E A D G B E
Daniel Caesar,Best Part ,177,1722123,Chords,novice, D,No Capo, E A D G B E
December Avenue,Kung Di Rin Lang Ikaw,474,1721247,Chords,intermediate, E,No Capo, E A D G B E
Blink-182,Whats My Age Again,497,1719251,Tab,intermediate, Gb,No Capo, E A D G B E
Bill Withers,Lean On Me,"2,861",1719343,Chords,intermediate, C,No Capo, E A D G B E
Billy Joel,Piano Man ,"2,941",1719300,Chords,intermediate, C,No Capo, E A D G B E
The Beatles,Day Tripper,687,1714039,Tab,intermediate, A,No Capo, E A D G B E
Misc Soundtrack,The Wizard Of Oz - Somewhere Over The Rainbow,310,1711592,Chords,intermediate, C,No Capo, E A D G B E
Sublime,Santeria,"1,815",1706744,Chords,intermediate,Db,No Capo, E A D G B 
My Chemical Romance,I Dont Love You,795,1706142,Chords,intermediate, C,No Capo, E A D G B E
Eric Clapton,Tears In Heaven ,"1,398",1705684,Chords,intermediate, A, 2nd fret, E A D G B E
Blue Öyster Cult,Dont Fear The Reaper ,769,1705574,Tab,intermediate, Am,No Capo, E A D G B E
Red Hot Chili Peppers,Otherside ,511,1704252,Tab,intermediate,Db,No Capo, E A D G B 
Bon Iver,I Cant Make You Love Me,793,1700193,Chords,novice, F,No Capo, E A D G B E
AC/DC,Hells Bells ,616,1699381,Tab,intermediate,Db,No Capo,E A D G B E
Misc Soundtrack,Harry Potter - Hedwigs Theme Intro ,"1,092",1698733,Tab,intermediate,Db,No Capo, E A D G B 
Taylor Swift,Crazier ,820,1697955,Chords,intermediate,Db, 2nd fret, E A D G B E
Paolo Nutini,Candy,"1,284",1696018,Chords,intermediate, Am,No Capo, E A D G B E
Tones And I,Dance Monkey,"1,615",1691859,Chords,intermediate, F#m,No Capo, E A D G B E
John Mayer,Slow Dancing In A Burning Room ,"1,260",1688013,Chords,intermediate, C#m,No Capo, E A D G B E
Fool's Garden,Lemon Tree,969,1686008,Chords,intermediate, Fm, 1st fret, E A D G B E
Ed Sheeran,Im A Mess,"1,477",1685266,Chords,novice, Cm, 3rd fret, E A D G B E
twenty one pilots,House Of Gold,"3,299",1683105,Chords,intermediate, C,No Capo, E A D G B E
Fiersa Besari,April,62,1674069,Chords,intermediate, D,No Capo, E A D G B E
Ronan Keating,When You Say Nothing At All ,"1,233",1673966,Chords,novice, G,No Capo, E A D G B E
Kevin Devine,You Are My Sunshine,216,1671613,Chords,intermediate, A,No Capo,E A D G B E
Plain White T's,Hey There Delilah ,"2,399",1666682,Chords,novice, D, 2nd fret, E A D G B E
Misc Cartoons,Aladdin - A Whole New World ,801,1666110,Chords,intermediate, C,No Capo, E A D G B E
Howie Day,Collide,202,1664862,Chords,intermediate,Db, 4th fret, E A D G B E
Taylor Swift,All Too Well,"2,409",1664588,Chords,novice, C,No Capo, E A D G B E
Tamia,Officially Missing You,159,1662567,Chords,intermediate,Db,No Capo, E A D G B 
Taio Cruz,Dynamite,395,1662387,Chords,novice,Db, 4th fret,E A D G B E
Neutral Milk Hotel,In The Aeroplane Over The Sea,"2,236",1662069,Chords,intermediate, G,No Capo, E A D G B E
Bob Dylan,The Times They Are A-Changin,"3,139",1661422,Chords,intermediate, G,No Capo, E A D G B E
Rihanna,Take A Bow,529,1658771,Chords,intermediate,Db, 4th fret, E A D G B E
Lord Huron,The Night We Met,"4,338",1659470,Chords,novice, F#m, 2nd fret, E A D G B E
Up Dharma Down,Tadhana ,132,1658660,Chords,novice, G, 4th fret, E A D G B E
Taylor Swift,Breathe ,916,1657132,Chords,novice,Db,No Capo, E A D G B 
Taylor Swift,Sparks Fly,730,1652229,Chords,novice,Db, 5th fret, E A D G B E
Lynyrd Skynyrd,Sweet Home Alabama,241,1651438,Tab,intermediate, D,No Capo, E A D G B E
Housefires,Good Good Father,"1,043",1649229,Chords,novice, G, 2nd fret, E A D G B E
Celine Dion,My Heart Will Go On ,689,1643541,Chords,intermediate, D, 2nd fret,E A D G B E
Kansas,Carry On Wayward Son ,695,1642877,Tab,intermediate, Am,No Capo, E A D G B E
Parokya ni Edgar,Gitara,172,1642864,Chords,intermediate,Db,No Capo, E A D G B 
Misc Cartoons,Tangled - I See The Light,965,1642513,Chords,intermediate, C,No Capo, E A D G B E
Yes,Roundabout,59,1641919,Bass,intermediate,Db,No Capo,E A D G B E
Kelly Clarkson,Because Of You,265,1641068,Chords,intermediate,Db, 1st fret, E A D G B E
David Bowie,Starman ,"2,372",1637974,Chords,intermediate, Gm,No Capo, E A D G B E
Frank Sinatra,Fly Me To The Moon ,486,1637955,Chords,novice, Am,No Capo, E A D G B E
Anne-Marie,2002,"1,417",1634223,Chords,novice, E, 2nd fret, E A D G B E
Demi Lovato,Stone Cold,"1,746",1632764,Chords,intermediate, C, 1st fret, E A D G B E
Pearl Jam,Last Kiss,"2,952",1632704,Chords,intermediate,Db,No Capo, E A D G B 
Prince,Purple Rain,639,1631943,Chords,intermediate, Bb,No Capo, E A D G B E
James Bay,Hold Back The River,"1,185",1631440,Chords,intermediate, Dm,No Capo, E A D G B E
The Red Jumpsuit Apparatus,Your Guardian Angel ,657,1629347,Chords,novice, F,No Capo, E A D G B E
Rihanna,Umbrella,896,1629116,Chords,intermediate, Bb, 1st fret, E A D G B E
Katy Perry,Thinking Of You,98,1628216,Chords,novice,Db,No Capo,E A D G B E
System of a Down,Aerials,858,1627234,Tab,intermediate, Cm,No Capo, C G C F A D
Cee Lo Green,Fuck You,527,1626731,Chords,intermediate,Db,No Capo, E A D G B 
Taylor Swift,Safe And Sound,390,1626077,Tab,intermediate,Db, 7th fret, E A D G B E
Lewis Capaldi,Before You Go,"2,606",1627821,Chords,novice, Eb, 1st fret, E A D G B E
Lana Del Rey,Blue Jeans,"1,414",1623155,Chords,novice,Db, 1st fret, E A D G B E
Taylor Swift,Enchanted ,866,1621985,Chords,intermediate,Db, 1st fret, E A D G B E
Dixie Chicks,Landslide,"1,286",1617532,Chords,intermediate,Db, 7th fret, E A D G B E
Lady Gaga,Born This Way ,404,1615154,Chords,novice, F#, 2nd fret, E A D G B E
Metallica,The Day That Never Comes ,547,1613762,Tab,advanced,Db,No Capo,E A D G B E
ZZ Top,La Grange,80,1607988,Tab,intermediate,Db,No Capo, E A D G B 
Nirvana,The Man Who Sold The World ,347,1607153,Chords,intermediate, A,No Capo, Eb Ab Db Gb Bb Eb
twenty one pilots,Heathens,"2,222",1606280,Chords,novice, Am,No Capo, E A D G B E
Elvis Presley,Suspicious Minds,"1,631",1604917,Chords,intermediate, G,No Capo, E A D G B E
Secondhand Serenade,Your Call,259,1602024,Tab,intermediate,Db,No Capo, E A D G B 
Orange and Lemons,Hanggang Kailan,109,1596197,Chords,intermediate, F,No Capo,E A D G B E
Ed Sheeran,Dive ,702,1594205,Chords,novice, C, 4th fret, E A D G B E
Train,Drive By ,358,1592755,Chords,intermediate,Db,No Capo, E A D G B 
Led Zeppelin,Stairway To Heaven Intro,796,1592358,Tab,intermediate,Db,No Capo, E A D G B 
Eric Clapton,Layla Acoustic Live ,"1,962",1590718,Chords,intermediate, Dm,No Capo, E A D G B E
Westlife,I Lay My Love On You,49,1587950,Chords,intermediate,Db,No Capo,E A D G B E
Van Morrison,Brown Eyed Girl ,"5,858",1585122,Chords,novice, G,No Capo, E A D G B E
Three Days Grace,Never Too Late,294,1581151,Tab,novice, Bbm,No Capo, D A D G B E
Taylor Swift,Fearless ,627,1580029,Chords,intermediate,Db, 3rd fret, E A D G B E
ZZ Top,La Grange ,346,1579440,Tab,intermediate,Db,No Capo, E A D G B 
Taylor Swift,Forever And Always,750,1578884,Chords,intermediate,Db, 3rd fret, E A D G B E
Rihanna,California King Bed,222,1578188,Chords,novice,Db,No Capo, E A D G B 
Muse,Plug In Baby ,716,1577641,Tab,intermediate,Db,No Capo,E A D G B E
Damien Rice,9 Crimes ,"1,285",1576120,Chords,novice,Db,No Capo,E A D G B E
Secondhand Serenade,Your Call,164,1574276,Chords,intermediate,Db,No Capo,E A D G B E
twenty one pilots,Stressed Out,"1,745",1571809,Chords,novice, Am,No Capo, E A D G B E
Wheatus,Teenage Dirtbag,217,1571124,Tab,intermediate, E,No Capo,E A D G B E
Billie Eilish,Wish You Were Gay Acoustic,"4,379",1570839,Chords,intermediate, Am,No Capo, E A D G B E
Foster the People,Pumped Up Kicks Acoustic,"1,120",1569292,Chords,novice, Bm, 7th fret, E A D G B E
The Red Jumpsuit Apparatus,Your Guardian Angel ,239,1567073,Chords,intermediate,Db,No Capo,E A D G B E
John Lennon,Stand By Me,497,1563364,Chords,intermediate, A, 2nd fret, E A D G B E
Metallica,Nothing Else Matters ,"1,934",1563336,Guitar Pro,novice, Em,No Capo, E A D G B E
Ed Sheeran,Drunk,786,1560384,Chords,novice, G,No Capo, E A D G B E
Ray Charles,Hit The Road Jack,946,1560534,Chords,intermediate, Am,No Capo, E A D G B E
One Direction,One Thing,544,1557605,Chords,novice, D, 2nd fret, E A D G B E
Elvis Presley,Love Me Tender,585,1556385,Chords,intermediate,Db,No Capo, E A D G B 
Joe Walsh,Lifes Been Good,75,1556006,Tab,intermediate,Db,No Capo,E A D G B E
Britney Spears,Baby One More Time,"1,005",1556006,Chords,intermediate, Cm, 3rd fret, E A D G B E
Alex Clare,Too Close,944,1555576,Chords,intermediate,Db,No Capo,E A D G B E
Avenged Sevenfold,So Far Away ,271,1553819,Chords,intermediate,Db,No Capo, E A D G B 
Beyoncé,Halo,436,1544713,Chords,intermediate,Db,No Capo,E A D G B E
Shontelle,Impossible,367,1543499,Chords,novice,Db, 1st fret, E A D G B E
Neil Young,Down By The River,115,1542321,Tab,intermediate,Db,No Capo, E A D G B 
Johnny Cash,I Walk The Line,658,1542331,Chords,intermediate, Bb, 1st fret, E A D G B E
Oasis,Champagne Supernova,183,1542555,Chords,intermediate, A,No Capo, E A D G B E
Miley Cyrus,When I Look At You ,645,1541085,Chords,intermediate, Ebm, 1st fret, E A D G B E
Arijit Singh,Tum Hi Ho,365,1540657,Chords,novice, Fm, 1st fret, E A D G B E
Howie Day,Collide,529,1539537,Tab,intermediate,Db, 4th fret,E A D G B E
Nick Jonas,Introducing Me,"1,050",1539192,Chords,novice,Db, 4th fret, E A D G B E
Led Zeppelin,Stairway To Heaven ,952,1535114,Chords,intermediate, Am,No Capo, E A D G B E
Ed Sheeran,Give Me Love ,148,1533805,Chords,intermediate, Am, 1st fret, E A D G B E
Van Morrison,Brown Eyed Girl ,643,1532512,Chords,intermediate,Db,No Capo, E A D G B 
Misc Traditional,Spanish Romance ,979,1532493,Tab,intermediate, Em,No Capo, E A D G B E
The Beatles,A Day In The Life ,"2,418",1529839,Chords,intermediate, G,No Capo, E A D G B E
Guns N' Roses,Sweet Child O Mine ,"1,553",1529376,Guitar Pro,intermediate, D,No Capo, Eb Ab Db Gb Bb Eb
Alanis Morissette,Ironic,"1,735",1529306,Chords,novice, E,No Capo,E A D G B E
The Fray,Over My Head ,878,1528311,Chords,intermediate, Db, 1st fret, E A D G B E
Rivermaya,214,334,1524878,Chords,intermediate, G,No Capo, E A D G B E
Hillsong Worship,Mighty To Save ,502,1523818,Chords,intermediate,Db, 2nd fret, E A D G B E
Pearl Jam,Yellow Ledbetter ,502,1522833,Tab,intermediate,Db,No Capo,E A D G B E
Rivermaya,Hinahanap-Hanap Kita,193,1521096,Chords,intermediate,Db,No Capo, E A D G B 
Michael Bublé,Everything,367,1516528,Chords,novice,Db,No Capo, E A D G B 
Elton John,Rocket Man,"2,912",1516172,Chords,intermediate, Gm, 3rd fret, E A D G B E
Naif,Benci Untuk Mencinta ,44,1514982,Chords,intermediate, D,No Capo, E A D G B E
Simon & Garfunkel,Mrs Robinson,699,1510361,Chords,intermediate, A, 2nd fret, E A D G B E
Eagles,Hotel California ,330,1509573,Tab,intermediate,Db,No Capo,E A D G B E
Paolo Nutini,Last Request,"1,438",1509559,Chords,intermediate,Db, 3rd fret, E A D G B E
Ariana Grande,Almost Is Never Enough ,216,1509490,Chords,novice, D,No Capo, E A D G B E
Lifehouse,You And Me,464,1505027,Tab,novice,Db,No Capo,E A D G B E
Lifehouse,You And Me ,"1,476",1505107,Chords,novice,Db,No Capo, E A D G B 
Westlife,More Than Words,193,1503488,Chords,novice, C,No Capo, Eb Ab Db Gb Bb Eb
Elevation Worship,O Come To The Altar,"3,427",1502684,Chords,novice, B, 4th fret, E A D G B E
Arctic Monkeys,Do I Wanna Know Acoustic ,"1,934",1501916,Chords,novice, Gm, 3rd fret, E A D G B E
The Beatles,Here Comes The Sun,429,1500967,Chords,intermediate, A, 7th fret, E A D G B E
Ed Sheeran,Thinking Out Loud ,463,1499337,Tab,intermediate, D,No Capo, E A D G B E
System of a Down,Byob ,590,1498055,Tab,intermediate,Db,No Capo, Db Ab Db Gb Bb E
Simon & Garfunkel,The Sound Of Silence ,705,1497588,Chords,intermediate, Ebm, 6th fret,E A D G B E
Neil Young,Harvest Moon Album,34,1495669,Chords,intermediate,Db,No Capo,E A D G B E
Eagles,Lyin Eyes,"2,961",1490357,Chords,novice, G,No Capo, E A D G B E
Pink Floyd,Wish You Were Here ,"2,383",1490060,Chords,intermediate, G,No Capo, E A D G B E
near (Indonesia),Karna Su Sayang,144,1487052,Chords,intermediate, C,No Capo, E A D G B E
Paramore,Still Into You ,"1,264",1484150,Chords,novice, F, 5th fret, E A D G B E
Foo Fighters,Everlong ,471,1483884,Tab,intermediate,Db,No Capo,E A D G B E
Side A,Forevermore,164,1482392,Chords,novice,Db,No Capo, E A D G B 
3 Doors Down,Here Without You ,"1,501",1481503,Chords,intermediate, Bbm,No Capo, Eb Ab Db Gb Bb Eb
Luis Fonsi,Despacito ,148,1479613,Chords,intermediate, Abm, 7th fret, E A D G B E
Ed Sheeran,Thinking Out Loud ,726,1477723,Chords,novice, D,No Capo, E A D G B E
LP,Lost On You,"1,466",1475256,Chords,novice, A#m, 1st fret, E A D G B E
Queen,We Are The Champions,380,1472586,Chords,intermediate, Cm,No Capo, E A D G B E
Bon Jovi,Always,223,1469330,Chords,intermediate,Db,No Capo, E A D G B 
Soul Asylum,Runaway Train,"2,129",1468028,Chords,intermediate, C,No Capo, E A D G B E
MGMT,Kids,375,1466889,Chords,intermediate,Db,No Capo, E A D G B 
Misc Soundtrack,The Greatest Showman - Rewrite The Stars ,888,1465470,Chords,novice, Bb, 3rd fret, E A D G B E
Queen,Bohemian Rhapsody,74,1464783,Tab,intermediate, Bb,No Capo, E A D G B E
Milow,You Dont Know,346,1463095,Chords,intermediate,Db, 4th fret,E A D G B E
Rihanna,Fourfiveseconds ,477,1461132,Chords,novice,Db,No Capo, E A D G B 
Emeli Sandé,Read All About It Part Iii,239,1460108,Chords,novice,Db,No Capo, E A D G B 
Smash Mouth,All Star,"1,661",1456727,Chords,intermediate, F#,No Capo, Eb Ab Db Gb Bb Eb
Red Hot Chili Peppers,Snow Hey Oh,"1,069",1455270,Chords,intermediate, Abm, 4th fret, E A D G B E
ZZ Top,La Grange,54,1454374,Bass,intermediate,Db,No Capo,E A D G B E
Bob Dylan,Blowin In The Wind ,231,1454198,Chords,intermediate,Db,No Capo,E A D G B E
Sara Bareilles,Love Song,259,1453321,Chords,intermediate,Db,No Capo, E A D G B 
Dewa 19,Risalah Hati,66,1452793,Chords,novice, Am,No Capo, E A D G B E
Oasis,Champagne Supernova ,899,1452346,Chords,intermediate,Db,No Capo,E A D G B E
Slipknot,Psychosocial,174,1451376,Tab,intermediate,Db,No Capo, A E A D F# 
Lynyrd Skynyrd,Sweet Home Alabama,855,1449989,Chords,novice, D,No Capo, E A D G B E
Katy Perry,The One That Got Away ,712,1449120,Chords,novice, E, 4th fret, E A D G B E
Foo Fighters,The Pretender,628,1446989,Tab,intermediate,Db,No Capo,E A D G B E
ZZ Top,Cheap Sunglasses,30,1446693,Tab,intermediate,Db,No Capo, E A D G B 
Jason Mraz,I Wont Give Up,52,1446632,Tab,intermediate,Db, 2nd fret,E A D G B E
Boston,More Than A Feeling,514,1446604,Chords,intermediate, G,No Capo, E A D G B E
Jireh Lim,Buko,80,1443514,Chords,intermediate,Db,No Capo,E A D G B E
ZZ Top,Waitin For The Bus,17,1442989,Tab,intermediate,Db,No Capo, E A D G B 
Bon Jovi,Wanted Dead Or Alive,401,1440378,Tab,intermediate,Db,No Capo,E A D G B E
ZZ Top,Sharp Dressed Man,49,1439592,Bass,intermediate,Db,No Capo, E A D 
The Beatles,If I Fell,"1,267",1437995,Chords,intermediate, Ebm,No Capo, E A D G B E
One Direction,History,639,1435107,Chords,intermediate, Gb, 1st fret, E A D G B E
Jesus Culture,One Thing Remains,709,1434066,Chords,novice,Db, 4th fret,E A D G B E
Boys Like Girls,Thunder ,142,1432738,Chords,intermediate,Db,No Capo,E A D G B E
The Cranberries,Zombie ,89,1432376,Tab,intermediate, Em,No Capo,E A D G B E
Hillsong United,Lead Me To The Cross,571,1431878,Chords,intermediate,Db,No Capo, E A D G B 
Neil Young,The Needle And The Damage Done,40,1428513,Tab,intermediate,Db,No Capo,E A D G B E
The Band Perry,If I Die Young ,"1,204",1426297,Chords,novice,Db, 2nd fret, E A D G B E
Passenger,Let Her Go ,352,1425660,Chords,intermediate,Db, 7th fret, E A D G B E
Mark Ronson,Uptown Funk,296,1424939,Chords,intermediate, Dm,No Capo, E A D G B E
Green Day,Holiday ,949,1424614,Tab,intermediate,Db,No Capo, E A D G B 
Rachel Platten,Fight Song,"1,581",1424478,Chords,novice, G,No Capo, E A D G B E
ZZ Top,Legs,18,1424065,Tab,intermediate,Db,No Capo,E A D G B E
Paramore,Misery Business ,640,1422616,Chords,intermediate,Db, 1st fret, E A D G B E
Milow,Ayo Technology,151,1422145,Chords,novice,Db, 7th fret, E A D G B E
Neil Young,Unplugged Album,17,1422094,Chords,intermediate,Db,No Capo,E A D G B E
Sting,Shape Of My Heart Acoustic,444,1421271,Tab,intermediate, F#m,No Capo, E A D G B E
Vance Joy,Riptide,"2,552",1420729,Chords,novice, Bbm, 6th fret, E A D G B E
Bill Withers,Lean On Me,78,1419838,Bass,intermediate,Db,No Capo,E A D G B E
Tom Petty,Free Fallin ,"1,881",1420041,Chords,novice, D, 3rd fret, E A D G B E
Young MC,Bust A Move,29,1418099,Bass,intermediate,Db,No Capo,E A D G B E
ZZ Top,Tush,29,1416815,Bass,intermediate,Db,No Capo,E A D G B E
ZZ Top,Gimme All Your Lovin,28,1416394,Bass,intermediate,Db,No Capo,E A D G B E
Misc Soundtrack,The Greatest Showman - This Is Me,"1,287",1415916,Chords,intermediate, D,No Capo, E A D G B E
Guns N' Roses,Dont Cry ,"1,419",1414794,Chords,novice,Db,No Capo, Eb Ab Db Gb Bb E
Of Monsters and Men,Dirty Paws,"1,414",1413299,Chords,intermediate,Db, 3rd fret, E A D G B E
Neil Young,Heart Of Gold,31,1412704,Bass,intermediate,Db,No Capo,E A D G B E
Maroon 5,Wont Go Home Without You,705,1412739,Chords,intermediate,Db, 3rd fret, E A D G B E
Chris Tomlin,Shout To The Lord,"1,031",1412827,Chords,intermediate, A, 5th fret, E A D G B E
ZZ Top,Tube Snake Boogie,26,1412186,Tab,intermediate,Db,No Capo,E A D G B E
Elton John,Your Song ,"1,502",1408793,Chords,intermediate,Db, 1st fret, E A D G B E
ZZ Top,My Heads In Mississippi Intro,14,1408236,Tab,intermediate,Db,No Capo, E A D G B 
Naif,Benci Untuk Mencinta,210,1407330,Chords,intermediate, D,No Capo, E A D G B E
Katy Perry,Teenage Dream,298,1406945,Chords,intermediate,Db, 3rd fret, E A D G B E
ZZ Top,Beer Drinkers And Hell Raisers,23,1406368,Chords,intermediate,Db,No Capo,E A D G B E
Weezer,Weezer Album,9,1406306,Tab,intermediate,Db,No Capo,E A D G B E
Misc Soundtrack,Mission Impossible 2 - Nyah,7,1406081,Tab,intermediate,Db,No Capo, E A D G B 
Radiohead,Fake Plastic Trees ,"2,448",1406413,Chords,intermediate, A,No Capo, E A D G B E
Yes,Long Distance Runaround,17,1405613,Bass,intermediate,Db,No Capo,E A D G B E
